b_alessandria = "Alessandria"
b_annecy = "Annecy"
b_aosta = "Aosta"
b_arezzo = "Arezzo"
b_asti = "Asti"
b_bergamo = "Bergamo"
b_bologna = "Bologna"
b_bormio = "Bormio"
b_brescia = "Brescia"
b_catania = "Catania"
b_chambery = "Chambéry"
b_chiavenna = "Chiavenna"
b_cividale = "Cividale"
b_como = "Como"
b_cremona = "Cremona"
b_cuneo = "Cuneo"
b_custozza = "Custozza"
b_ferrara = "Ferrara"
b_florence = "Florence"
b_florence_italian = "Firenze"
b_genoa = "Genoa"
b_guastalla = "Guastalla"
b_legnago = "Legnago"
b_lucca = "Lucca"
b_macerata = "Macerata"
b_magenta = "Magenta"
b_mantua = "Mantua"
b_messina = "Messina"
b_milan = "Milan"
b_milan_italian = "Milano"
b_modena = "Modena"
b_montebello = "Montebello"
b_mortara = "Mortara"
b_naples = "Naples"
b_naples_italian = "Napoli"
b_novara = "Novara"
b_osoppo = "Osoppo"
b_padua = "Padua"
b_palermo = "Palermo"
b_palmanova = "Palmanova"
b_parma = "Parma"
b_pavia = "Pavia"
b_perugia = "Perugia"
b_peschiera = "Peschiera"
b_piacenza = "Piacenza"
b_reggio = "Reggio"
b_rome = "Rome"
b_rome_italian = "Roma"
b_salerno = "Salerno"
b_solferino = "Solferino"
b_treviso = "Treviso"
b_turin = "Turin"
b_udine = "Udine"
b_venice = "Venice"
b_venice_german = "Venedig"
b_venice_italian = "Venezia"
b_vercelli = "Vercelli"
b_verona = "Verona"
b_vicenza = "Vicenza"
b_villafranca = "Villafranca"
